strategy,date,code,name,industry,prev_vol_ratio,buy,sell,ret,equity_after
A_no_lookahead,2024-01-11,sh.688073,毕得医药,M73研究和试验发展,1.5116775509558673,52.0,52.53,0.008692307692307612,1008692.3076923076
A_no_lookahead,2024-01-12,sz.301203,国泰环保,N77生态保护和环境治理业,2.3436674932557753,40.39,38.0,-0.06067306263926714,988292.1571695202
A_no_lookahead,2024-01-12,sz.002573,清新环境,N77生态保护和环境治理业,4.890359467428627,5.42,5.1,-0.06054059040590415,967936.5478876581
A_no_lookahead,2024-01-12,sz.300961,深水海纳,N77生态保护和环境治理业,2.4585181397387577,12.19,11.47,-0.06056480721903196,947572.7961680897
A_no_lookahead,2024-01-16,sz.002731,*ST萃华,C24文教、工美、体育和娱乐用品制造业,2.738169088825694,12.98,11.76,-0.09549075500770415,857088.3544372375
A_no_lookahead,2024-01-18,sz.000850,华茂股份,C17纺织业,2.64714368183932,4.17,4.18,0.0008980815347721673,857473.2220496316
A_no_lookahead,2024-01-18,sh.600448,华纺股份,C17纺织业,3.15238789470159,3.51,3.56,0.012745014245014343,862935.0236929009
A_no_lookahead,2024-01-22,sh.603608,天创时尚,C19皮革、毛皮、羽毛及其制品和制鞋业,1.8973956394264844,5.68,5.32,-0.06488028169014076,806947.5562754172
A_no_lookahead,2024-01-24,sz.300860,锋尚文化,R88文化艺术业,2.4982457613395788,43.8,45.08,0.027723744292237396,829319.1639828427
A_no_lookahead,2024-01-25,sh.600648,外高桥,F51批发业,5.7021097576088975,10.86,11.97,0.10070994475138134,871079.5075758296
A_no_lookahead,2024-01-25,sh.603970,中农立华,F51批发业,2.689912662024281,18.99,18.22,-0.0420476566614007,853644.0438408944
A_no_lookahead,2024-01-26,sh.600097,开创国际,A04渔业,4.82059970578879,12.0,10.8,-0.10149999999999998,824762.4203576108
A_no_lookahead,2024-01-26,sh.601949,中国出版,R86新闻和出版业,3.1646852390991045,8.29,8.14,-0.019594089264173553,819186.9611593279
A_no_lookahead,2024-01-26,sh.601858,中国科传,R86新闻和出版业,2.4241945690232423,24.99,23.91,-0.0447172869147659,806462.7459488232
A_no_lookahead,2024-01-29,sh.600657,信达地产,K70房地产业,4.5452917371383466,4.2,3.78,-0.10150000000000009,779177.4230442212
A_no_lookahead,2024-01-29,sh.600048,保利发展,K70房地产业,1.6695975366659217,10.18,9.87,-0.0319518664047152,770588.0930712424
A_no_lookahead,2024-01-29,sz.001979,招商蛇口,K70房地产业,2.093014586890844,9.4,9.28,-0.01426595744680864,766753.1053325284
A_no_lookahead,2024-02-07,sz.002306,ST云网,H62餐饮业,1.6455110421340329,2.59,2.33,-0.1018861003861003,688631.6214712643
A_no_lookahead,2024-02-19,sz.000504,南华生物,M75科技推广和应用服务业,1.8778972622837335,6.66,7.2,0.07958108108108114,743433.6703745653
A_no_lookahead,2024-02-22,sz.002771,真视通,I65软件和信息技术服务业,2.4981099835335696,19.41,20.46,0.052595826893354014,782535.1790082768
A_no_lookahead,2024-02-23,sz.300249,依米康,I65软件和信息技术服务业,2.783481443289906,7.2,7.57,0.04988888888888893,795548.4492073404
A_no_lookahead,2024-02-23,sz.301396,宏景科技,I65软件和信息技术服务业,1.8557509928693103,22.91,22.41,-0.023324530772588392,789464.3605862032
A_no_lookahead,2024-02-23,sz.300578,会畅科技,I65软件和信息技术服务业,2.3085344951549347,16.5,15.9,-0.03786363636363638,779587.818099629
A_no_lookahead,2024-02-26,sz.300503,昊志机电,C34通用设备制造业,1.5535281064442283,16.51,15.58,-0.057829497274379305,764560.0942323185
A_no_lookahead,2024-02-26,sz.002943,宇晶股份,C34通用设备制造业,2.339126792032528,24.9,23.78,-0.04647991967871473,752481.7011763933
A_no_lookahead,2024-02-26,sz.301255,通力科技,C34通用设备制造业,1.936459284674641,37.5,35.8,-0.04683333333333345,740311.4691271713
A_no_lookahead,2024-02-28,sz.002624,完美世界,I64互联网和相关服务,1.6127612081423206,11.93,11.2,-0.06269027661357923,693901.1383473837
A_no_lookahead,2024-03-04,sz.002739,儒意电影,R87广播、电视、电影和录音制作业,1.6142835158889346,13.0,12.88,-0.010730769230769153,691419.1073525258
A_no_lookahead,2024-03-04,sz.002023,海特高新,C43金属制品、机械和设备修理业,1.9052593289019748,8.38,8.12,-0.03252625298329376,683895.7726954316
A_no_lookahead,2024-03-04,sh.600547,山东黄金,B09有色金属矿采选业,2.16994567679794,23.33,23.75,0.016502571795970866,687712.8238137262
A_no_lookahead,2024-03-05,sz.001337,四川黄金,B09有色金属矿采选业,2.645709592017724,24.11,24.1,-0.0019147656574035042,687273.8875146614
A_no_lookahead,2024-03-05,sz.000506,招金黄金,B09有色金属矿采选业,2.8686821938561677,3.56,3.67,0.0293988764044944,694013.2156176899
A_no_lookahead,2024-03-05,sh.600547,山东黄金,B09有色金属矿采选业,1.5795129359618796,23.75,24.6,0.03428947368421059,701873.6525425082
A_no_lookahead,2024-03-07,sz.301023,奕帆传动,C34通用设备制造业,2.7630925163495865,35.08,33.97,-0.033141961231470896,678612.1831605536
A_no_lookahead,2024-03-08,sz.001337,四川黄金,B09有色金属矿采选业,1.6030018170696347,27.0,27.98,0.03479629629629627,702225.3737560847
A_no_lookahead,2024-03-13,sz.300189,神农种业,A05农、林、牧、渔专业及辅助性活动,1.5653496140422094,3.1,2.94,-0.053112903225806474,664928.145437072
A_no_lookahead,2024-03-14,sh.688197,首药控股,C27医药制造业,3.8136279500231374,46.0,50.0,0.08545652173913038,683868.9609422396
A_no_lookahead,2024-03-14,sh.688222,成都先导,M73研究和试验发展,4.5092153238479815,14.6,14.01,-0.04191095890410962,674579.7022163733
A_no_lookahead,2024-03-14,sz.300725,药石科技,M73研究和试验发展,2.252432828837645,34.6,33.4,-0.036182080924855586,666560.2075605672
A_no_lookahead,2024-03-15,sh.601118,海南橡胶,A01农业,1.651131530675329,4.68,5.15,0.09892735042735051,699530.7251777031
A_no_lookahead,2024-03-15,sz.002772,众兴菌业,A01农业,7.0313178020146765,8.14,9.0,0.10415110565110558,734242.2164779347
A_no_lookahead,2024-03-18,sh.601118,海南橡胶,A01农业,3.3243987556647654,5.15,5.24,0.015975728155339708,738152.2344948099
A_no_lookahead,2024-03-18,sz.300725,药石科技,M73研究和试验发展,1.6647615066438346,36.3,37.5,0.03155785123966953,745875.9367086419
A_no_lookahead,2024-03-18,sz.002772,众兴菌业,A01农业,2.755052691906952,9.0,8.64,-0.041499999999999926,735718.9193806972
A_no_lookahead,2024-03-21,sh.601949,中国出版,R86新闻和出版业,1.5672793972608006,8.87,8.73,-0.017283540022547783,729361.0056864662
A_no_lookahead,2024-03-21,sz.000719,中原传媒,R86新闻和出版业,3.357224984034181,12.78,12.5,-0.023409233176838795,720749.6978182689
A_no_lookahead,2024-03-25,sz.301299,卓创资讯,I64互联网和相关服务,1.5798404147413934,53.0,49.47,-0.06810377358490566,696206.8107024666
A_no_lookahead,2024-03-25,sh.600637,东方明珠,I63电信、广播电视和卫星传输服务,1.513416461915696,7.86,7.43,-0.056207379134860125,675951.084939163
A_no_lookahead,2024-03-29,sh.605128,上海沿浦,C36汽车制造业,1.6894507621582386,51.7,49.35,-0.046954545454545527,660081.5969677503
A_no_lookahead,2024-03-29,sh.603982,泉峰汽车,C36汽车制造业,1.5234504573143517,12.21,11.72,-0.04163104013104019,646011.323595889
A_no_lookahead,2024-04-01,sz.001236,弘业期货,J67资本市场服务,1.5987952527367435,10.03,9.87,-0.01745214356929209,642253.2294736278
A_no_lookahead,2024-04-01,sh.600489,中金黄金,B09有色金属矿采选业,2.2582459689758667,13.58,13.23,-0.02727319587628868,636380.298351384
A_no_lookahead,2024-04-01,sh.601020,华钰矿业,B09有色金属矿采选业,1.839452325368319,8.99,8.86,-0.01596051167964413,632943.4079262392
A_no_lookahead,2024-04-03,sh.601022,宁波远洋,G55水上运输业,1.7742858796071985,9.78,9.01,-0.08023210633946826,616015.946989038
A_no_lookahead,2024-04-03,sh.603167,渤海轮渡,G55水上运输业,3.532710960854036,10.0,9.6,-0.04150000000000004,607260.2298460584
A_no_lookahead,2024-04-03,sz.000506,招金黄金,B09有色金属矿采选业,2.2775589495037836,4.68,5.3,0.13097863247863245,634894.2505149064
A_no_lookahead,2024-04-08,sz.000506,招金黄金,B09有色金属矿采选业,1.7581029237964072,5.3,5.5,0.036235849056603764,642562.8945910942
A_no_lookahead,2024-04-08,sz.000923,河钢资源,B08黑色金属矿采选业,2.5950146177085127,19.29,18.1,-0.06318999481596671,629189.9064581862
A_no_lookahead,2024-04-08,sz.001337,四川黄金,B09有色金属矿采选业,3.03574384450197,30.88,30.81,-0.00376683937823835,628392.7249035673
A_no_lookahead,2024-04-10,sh.688305,科德数控,C34通用设备制造业,1.5034862221730716,81.62,79.23,-0.030782038716000992,618721.1203101499
A_no_lookahead,2024-04-10,sz.000506,招金黄金,B09有色金属矿采选业,1.831672276616724,5.41,5.7,0.05210443622920519,635092.144640967
A_no_lookahead,2024-04-11,sz.002679,福建金森,A02林业,3.900429915395149,9.81,9.65,-0.017809887869520924,623781.2247580978
A_no_lookahead,2024-04-16,sh.600603,广汇物流,G53铁路运输业,5.200160022644217,8.07,7.73,-0.04363135068153651,596564.8073921188
A_no_lookahead,2024-04-17,sh.603860,中公高科,M74专业技术服务业,4.503011945791069,33.5,33.13,-0.01254477611940291,594070.2167423025
A_no_lookahead,2024-04-17,sh.688259,创耀科技,I65软件和信息技术服务业,1.623582830850772,43.96,45.2,0.026707461328480397,599381.1272500884
A_no_lookahead,2024-04-17,sh.688004,博汇科技,I65软件和信息技术服务业,1.551499493758237,15.6,16.51,0.05683333333333335,610682.7161012391
A_no_lookahead,2024-04-18,sh.603828,*ST利达,E50建筑装饰、装修和其他建筑业,1.983526704948359,2.4,2.37,-0.013999999999999955,602133.1580758218
A_no_lookahead,2024-04-26,sh.600109,国金证券,J67资本市场服务,2.073169037810249,8.44,8.78,0.038784360189573486,613809.8327182708
A_no_lookahead,2024-04-26,sz.300860,锋尚文化,R88文化艺术业,1.5661077267283303,38.6,37.4,-0.032588082901554516,603998.650081696
A_no_lookahead,2024-04-30,sz.300135,宝利国际,C25石油、煤炭及其他燃料加工业,1.678748864210018,3.18,3.13,-0.01722327044025168,598797.234033744
A_no_lookahead,2024-04-30,sh.600159,大龙地产,E47房屋建筑业,2.0093728250752507,2.68,2.73,0.017156716417910334,603978.5508118701
A_no_lookahead,2024-05-06,sh.600159,大龙地产,E47房屋建筑业,2.6795682636397977,2.73,2.62,-0.04179304029304026,595564.5175084659
A_no_lookahead,2024-05-06,sh.600503,华丽家族,K70房地产业,1.8074517237665415,2.33,2.27,-0.027251072961373468,590078.1629900397
A_no_lookahead,2024-05-06,sh.600638,新黄浦,K70房地产业,1.5983467653297074,4.44,4.37,-0.017265765765765828,586602.1122614181
A_no_lookahead,2024-05-08,sz.301080,百普赛斯,M73研究和试验发展,2.845043412779185,45.88,45.5,-0.009782476024411567,583732.9017118849
A_no_lookahead,2024-05-08,sh.688315,诺禾致源,M73研究和试验发展,2.0721362203632117,15.8,15.78,-0.0027658227848102444,582921.6829680296
A_no_lookahead,2024-05-10,sh.601069,西部黄金,B09有色金属矿采选业,2.1407317131634476,15.32,14.58,-0.04980287206266315,553890.5089686206
A_no_lookahead,2024-05-13,sh.600101,明星电力,D44电力、热力生产和供应业,2.3581980958018707,10.8,10.8,-0.0015,553613.5637141363
A_no_lookahead,2024-05-13,sz.000722,湖南发展,D44电力、热力生产和供应业,2.542535667753273,10.81,10.57,-0.02370166512488442,549237.5212609943
A_no_lookahead,2024-05-13,sz.000862,银星能源,D44电力、热力生产和供应业,1.854169888503594,5.54,5.48,-0.012330324909747224,546960.9712809914
A_no_lookahead,2024-05-14,sz.300467,迅游科技,I64互联网和相关服务,2.2045899410084395,16.25,15.61,-0.040884615384615464,524598.6823397725
A_no_lookahead,2024-05-15,sz.301223,中荣股份,C23印刷和记录媒介复制业,1.623272077970389,16.4,15.38,-0.06369512195121935,507891.4938162321
A_no_lookahead,2024-05-15,sz.002229,鸿博股份,C23印刷和记录媒介复制业,2.083284148113957,18.0,18.26,0.012944444444444482,511286.81306582
A_no_lookahead,2024-05-16,sh.601212,白银有色,C32有色金属冶炼和压延加工业,1.6699892742340336,3.34,3.19,-0.04641017964071853,499422.35664466245
A_no_lookahead,2024-05-16,sh.600531,豫光金铅,C32有色金属冶炼和压延加工业,2.4962323071451102,7.5,7.13,-0.05083333333333334,486427.1501459062
A_no_lookahead,2024-05-17,sz.002208,合肥城建,K70房地产业,2.3974393892769785,5.88,5.9,0.0019013605442178018,486735.4412762141
A_no_lookahead,2024-05-17,sh.600266,城建发展,K70房地产业,2.246700260924889,4.45,4.84,0.08614044943820215,500702.4590537182
A_no_lookahead,2024-05-17,sh.600322,津投城开,K70房地产业,2.1778912868008162,1.94,2.05,0.05520103092783507,509652.88577349915
A_no_lookahead,2024-05-20,sh.600749,西藏旅游,N78公共设施管理业,2.4590616357358255,12.8,12.1,-0.05618750000000011,495334.8250137999
A_no_lookahead,2024-05-20,sz.000558,天府文旅,N78公共设施管理业,1.7874435843946113,2.69,2.69,-0.0015,494952.58534946974
A_no_lookahead,2024-05-21,sz.000612,焦作万方,C32有色金属冶炼和压延加工业,1.9088625893419768,8.88,8.3,-0.06681531531531532,483929.11433071794
A_no_lookahead,2024-05-21,sz.301428,世纪恒通,I64互联网和相关服务,1.725600410326939,26.2,26.11,-0.004935114503816838,483114.898436498
A_no_lookahead,2024-05-21,sh.601600,中国铝业,C32有色金属冶炼和压延加工业,2.1974645258541257,8.49,8.13,-0.043902826855123644,475871.6258844668
A_no_lookahead,2024-05-23,sz.000665,湖北广电,I63电信、广播电视和卫星传输服务,1.7484768096661343,4.05,4.0,-0.013845679012345622,469282.8601013874
A_no_lookahead,2024-05-27,sz.300240,飞力达,G58多式联运和运输代理业,1.6706394841664975,5.55,5.54,-0.0033018018018017834,467733.38110834995
A_no_lookahead,2024-05-28,sh.600895,张江高科,K70房地产业,1.8928008484650125,20.01,19.64,-0.019990754622688678,463058.20948306116
A_no_lookahead,2024-05-28,sz.002016,世荣兆业,K70房地产业,1.5160130344801739,6.88,6.38,-0.07417441860465118,445711.2836802114
A_no_lookahead,2024-05-30,sz.002996,顺博合金,C42废弃资源综合利用业,1.7915669391628442,7.31,6.9,-0.057587551299589534,420043.8622664713
A_no_lookahead,2024-05-31,sh.601020,华钰矿业,B09有色金属矿采选业,2.573900726384697,16.71,16.24,-0.02962687013764226,413821.5697867301
A_no_lookahead,2024-05-31,sz.002155,湖南黄金,B09有色金属矿采选业,1.9108864252139255,19.91,18.99,-0.04770793571069826,403801.856998389
A_no_lookahead,2024-06-04,sz.002811,郑中设计,M74专业技术服务业,4.0962012826837695,8.0,8.4,0.04850000000000004,413594.05203059997
A_no_lookahead,2024-06-04,sz.301306,西测测试,M74专业技术服务业,3.484713252125572,50.44,45.55,-0.09844686756542426,393717.53806130355
A_no_lookahead,2024-06-07,sz.002494,华斯股份,C19皮革、毛皮、羽毛及其制品和制鞋业,1.8890282142709693,3.14,3.26,0.03671656050955413,398536.1893312704
A_no_lookahead,2024-06-07,sz.002659,凯文教育,P83教育,1.919942312761026,3.34,3.38,0.010476047904191712,399911.0572610873
A_no_lookahead,2024-06-07,sz.300591,万里马,C19皮革、毛皮、羽毛及其制品和制鞋业,2.3016133152058296,3.12,3.26,0.04337179487179471,405603.13602716156
A_no_lookahead,2024-06-27,sz.300508,维宏股份,C40仪器仪表制造业,2.1128037358047487,19.88,19.99,0.004033199195171035,406421.07514805335
A_no_lookahead,2024-06-27,sh.600683,京投发展,K70房地产业,1.8334969847019087,3.91,3.71,-0.052650895140664955,395743.3910562079
A_no_lookahead,2024-07-02,sz.000663,永安林业,A02林业,2.437957504818232,4.43,4.52,0.018816027088036036,403189.7094222327
A_no_lookahead,2024-07-10,sz.002357,富临运业,G54道路运输业,2.1792247980077324,5.38,5.43,0.007793680297397744,406332.0411166703
A_no_lookahead,2024-07-11,sz.002291,遥望科技,I64互联网和相关服务,1.5686352687929415,4.28,4.28,-0.0015,406128.87509611197
A_no_lookahead,2024-07-11,sz.301428,世纪恒通,I64互联网和相关服务,1.6843561325982015,27.8,28.94,0.039507194244604416,411479.88805484626
A_no_lookahead,2024-07-11,sz.003010,若羽臣,I64互联网和相关服务,3.192156488918063,11.88,13.13,0.10371885521885532,425527.9861026335
A_no_lookahead,2024-07-16,sz.002306,ST云网,H62餐饮业,1.6592214945620862,2.66,2.56,-0.03909398496240607,408892.4014128542
A_no_lookahead,2024-07-17,sh.603505,金石资源,B10非金属矿采选业,1.5994528120585523,26.23,25.2,-0.04076801372474276,403335.8244019401
A_no_lookahead,2024-07-17,sh.601069,西部黄金,B09有色金属矿采选业,1.568258346192567,12.99,12.27,-0.056927251732101614,395576.7841797491
A_no_lookahead,2024-07-17,sh.600834,申通地铁,S91综合,1.7815524834449823,7.3,7.0,-0.04259589041095885,389771.07220626384
A_no_lookahead,2024-07-18,sh.603619,中曼石油,B07石油和天然气开采业,1.924788448704533,21.98,21.35,-0.0301624203821656,378014.6332735711
A_no_lookahead,2024-07-19,sz.300192,科德教育,P83教育,1.7077903995183537,9.52,9.38,-0.016205882352941015,371888.5725990495
A_no_lookahead,2024-07-22,sh.688561,奇安信,I65软件和信息技术服务业,1.6980961386388687,23.66,23.42,-0.011643702451394731,370445.1859709104
A_no_lookahead,2024-07-22,sz.002670,国盛证券,J67资本市场服务,6.680367574558215,9.1,8.77,-0.03776373626373625,365763.88531253446
A_no_lookahead,2024-07-22,sh.688318,财富趋势,I65软件和信息技术服务业,2.330797567080199,83.5,82.5,-0.0134760479041916,364093.35590607906
A_no_lookahead,2024-07-23,sh.603291,联合水务,D46水的生产和供应业,2.468602146884861,12.68,11.74,-0.07563249211356465,336556.06803691125
A_no_lookahead,2024-07-25,sh.600834,申通地铁,S91综合,3.406478025925072,8.73,9.8,0.12106586483390608,377301.51947889884
A_no_lookahead,2024-07-26,sh.600834,申通地铁,S91综合,2.073581084299124,9.8,8.62,-0.12190816326530624,331305.3842420171
A_no_lookahead,2024-07-30,sh.600653,申华控股,F52零售业,4.2180149311132284,1.36,1.33,-0.0235588235294118,323500.21916031546
A_no_lookahead,2024-08-01,sz.300989,蕾奥规划,M74专业技术服务业,1.7061630957162472,13.5,12.4,-0.08298148148148149,314552.04334514646
A_no_lookahead,2024-08-01,sz.301505,苏州规划,M74专业技术服务业,1.517699404531253,25.98,24.82,-0.04614973056197075,309575.56069481745
A_no_lookahead,2024-08-01,sz.301027,华蓝集团,M74专业技术服务业,1.6148599315006162,7.86,7.56,-0.039667938931297775,305298.0317155132
A_no_lookahead,2024-08-05,sz.300192,科德教育,P83教育,1.8156345822896074,12.09,11.34,-0.06353473945409432,285901.00081462023
A_no_lookahead,2024-08-07,sz.000721,西安饮食,H62餐饮业,1.8444435431843398,7.61,7.29,-0.04354993429697768,273450.0310137034
A_no_lookahead,2024-08-08,sz.002285,世联行,K70房地产业,3.4196087913662656,1.83,1.9,0.0367513661202184,283499.69321907306
A_no_lookahead,2024-08-12,sz.300564,筑博设计,M74专业技术服务业,2.98364073211483,9.19,8.67,-0.058083242655059764,267033.11174519465
A_no_lookahead,2024-08-14,sz.301038,深水规院,M74专业技术服务业,2.398268090760756,14.5,14.0,-0.035982758620689614,257424.52374153567
A_no_lookahead,2024-08-15,sz.300436,广生堂,C27医药制造业,2.281879629905868,26.0,26.72,0.02619230769230768,260795.7949082277
A_no_lookahead,2024-08-15,sz.002022,科华生物,C27医药制造业,1.589110322810316,6.29,6.0,-0.04760492845786962,254668.4568902192
A_no_lookahead,2024-08-21,sz.300788,中信出版,R86新闻和出版业,5.565694836051486,31.6,28.0,-0.11542405063291145,239971.02445886817
A_no_lookahead,2024-08-21,sh.600880,博瑞传播,R86新闻和出版业,1.6681928483658734,3.78,3.78,-0.0015,239780.0231162005
A_no_lookahead,2024-08-26,sz.000779,甘咨询,M74专业技术服务业,2.623579617631948,6.45,7.0,0.08377131782945729,259866.71164182233
A_no_lookahead,2024-08-27,sh.601965,中国汽研,M74专业技术服务业,2.085678382875788,15.78,15.5,-0.019243979721166038,258199.7550654752
A_no_lookahead,2024-08-27,sz.301136,招标股份,M74专业技术服务业,1.5768058820720465,12.66,13.27,0.046683254344391634,262243.56299721386
A_no_lookahead,2024-08-27,sz.002828,贝肯能源,B11开采专业及辅助性活动,1.986666906869,7.98,7.6,-0.04911904761904767,257988.76120263385
A_no_lookahead,2024-09-02,sz.000504,南华生物,M75科技推广和应用服务业,3.655804932613199,7.31,7.62,0.04090766073871427,268542.4779203124
A_no_lookahead,2024-09-03,sh.603429,*ST集友,C23印刷和记录媒介复制业,1.5469744049154188,3.77,4.0,0.0595079575596818,284522.8922993661
A_no_lookahead,2024-09-04,sz.002468,申通快递,G60邮政业,2.554101808582064,10.53,10.45,-0.009097340930674323,281934.49054553726
A_no_lookahead,2024-09-05,sz.000006,深振业A,K70房地产业,3.884500176480734,4.25,4.13,-0.029735294117647137,273551.0855472567
A_no_lookahead,2024-09-06,sh.600561,江西长运,G54道路运输业,2.4397018339433907,4.49,4.54,0.009635857461024524,276186.9848158986
A_no_lookahead,2024-09-10,sz.002219,新里程,Q84卫生,2.678348608836871,2.0,1.83,-0.08649999999999997,268223.5934203735
A_no_lookahead,2024-09-10,sz.300143,盈康生命,Q84卫生,21.873770068574522,9.18,8.05,-0.12459368191721126,256753.20897509827
A_no_lookahead,2024-09-10,sz.002524,光正眼科,Q84卫生,3.1915910265097485,3.72,3.53,-0.05257526881720437,251913.00731826192
A_no_lookahead,2024-09-13,sh.601069,西部黄金,B09有色金属矿采选业,1.5490843208148852,10.48,10.43,-0.006270992366412318,250333.26277236914
A_no_lookahead,2024-09-19,sz.300175,朗源股份,C13农副食品加工业,2.783377453495416,4.35,4.56,0.04677586206896561,262042.8169430836
A_no_lookahead,2024-09-24,sh.600657,信达地产,K70房地产业,1.5943868766410643,3.41,3.35,-0.01909530791788855,260374.88751735058
A_no_lookahead,2024-09-24,sh.600605,汇通能源,K70房地产业,1.9338488635495803,26.98,27.6,0.021479985174203187,262251.1127916652
A_no_lookahead,2024-09-24,sz.000965,天保基建,K70房地产业,1.68560192986794,2.99,2.95,-0.014877926421404673,260951.56154175292
A_no_lookahead,2024-09-25,sz.300803,指南针,J69其他金融业,4.315827265664635,47.0,44.82,-0.047882978723404246,256786.5155187053
A_no_lookahead,2024-09-25,sh.600569,安阳钢铁,C31黑色金属冶炼和压延加工业,4.544385586757259,1.64,1.53,-0.06857317073170727,250821.7568579359
A_no_lookahead,2024-09-25,sh.600231,凌钢股份,C31黑色金属冶炼和压延加工业,4.089353712230527,1.72,1.65,-0.042197674418604725,247151.2405136141
A_no_lookahead,2024-09-26,sz.002659,凯文教育,P83教育,1.5279977645796796,4.68,4.6,-0.018594017094017146,245619.39571664153
A_no_lookahead,2024-09-26,sz.300192,科德教育,P83教育,1.6896687091875466,11.4,11.53,0.00990350877192975,246435.28387611482
A_no_lookahead,2024-09-26,sz.300359,全通教育,P83教育,1.680479300394922,4.66,4.79,0.026396995708154514,248609.96728781582
A_no_lookahead,2024-09-27,sh.601155,新城控股,K70房地产业,1.6741280000532324,12.68,14.36,0.13099211356466883,259465.28231057388
A_no_lookahead,2024-09-27,sz.000002,万科A,K70房地产业,1.925005873437351,8.52,9.72,0.13934507042253524,271012.8067770622
A_no_lookahead,2024-09-27,sh.600657,信达地产,K70房地产业,2.126164083623687,3.99,4.56,0.1413571428571428,282727.07166426664
A_no_lookahead,2024-09-30,sz.000783,长江证券,J67资本市场服务,3.7270465136959037,7.0,7.94,0.13278571428571434,295241.11038388265
A_no_lookahead,2024-09-30,sz.002670,国盛证券,J67资本市场服务,1.8587914850674991,12.0,13.68,0.1384999999999999,308293.6768590496
A_no_lookahead,2024-09-30,sz.000563,陕国投A,J69其他金融业,1.8414512864834738,3.59,4.11,0.14334679665738165,321803.0168761811
A_no_lookahead,2024-10-10,sz.300498,温氏股份,A03畜牧业,1.5687388113240806,19.4,19.0,-0.022118556701030856,314685.1986008425
A_no_lookahead,2024-10-17,sz.300440,运达科技,I65软件和信息技术服务业,3.4052022612847876,8.18,7.5,-0.08462958435207818,301369.35982117226
A_no_lookahead,2024-10-17,sz.300249,依米康,I65软件和信息技术服务业,2.1246370192692163,9.65,9.24,-0.04398704663212433,294448.32356852497
A_no_lookahead,2024-10-21,sh.603083,剑桥科技,C39计算机、通信和其他电子设备制造业,1.8341811977046367,34.73,37.4,0.07537877915346974,301846.7086199854
A_no_lookahead,2024-10-21,sz.300102,乾照光电,C39计算机、通信和其他电子设备制造业,2.2187830371137904,10.6,11.0,0.036235849056603764,305403.23695591843
A_no_lookahead,2024-10-21,sh.688693,锴威特,C39计算机、通信和其他电子设备制造业,2.7366771418189826,36.0,35.88,-0.004833333333333299,304928.84799016913
A_no_lookahead,2024-10-22,sz.300424,航新科技,C43金属制品、机械和设备修理业,1.7720202687679072,17.49,15.93,-0.09069382504288154,277273.68440002133
A_no_lookahead,2024-10-24,sz.300424,航新科技,C43金属制品、机械和设备修理业,2.0478877112126823,20.8,20.89,0.0028269230769231725,278057.51577707526
A_no_lookahead,2024-10-25,sh.600439,瑞贝卡,C19皮革、毛皮、羽毛及其制品和制鞋业,2.3234967345059405,3.83,3.96,0.03244255874673635,287078.4130676446
A_no_lookahead,2024-10-28,sh.600307,酒钢宏兴,C31黑色金属冶炼和压延加工业,4.113407109660619,1.67,1.85,0.10628443113772473,297249.068342583
A_no_lookahead,2024-10-28,sh.601388,怡球资源,C42废弃资源综合利用业,1.5975174213715595,2.7,2.69,-0.005203703703703764,296751.11134213855
A_no_lookahead,2024-10-28,sh.600569,安阳钢铁,C31黑色金属冶炼和压延加工业,1.8663719742740827,1.77,2.05,0.1566920903954801,311745.4168924673
A_no_lookahead,2024-10-29,sh.601801,皖新传媒,R86新闻和出版业,2.4790360558104765,7.98,7.7,-0.03658771929824561,300339.3630866911
A_no_lookahead,2024-10-30,sz.000592,平潭发展,C20木材加工和木、竹、藤、棕、草制品业,1.7698973112481937,2.47,2.54,0.026840080971659852,308400.4959109147
A_no_lookahead,2024-10-31,sz.000415,渤海租赁,L71租赁业,1.741502768232987,3.18,3.66,0.14944339622641506,354488.91341775237
A_no_lookahead,2024-11-05,sz.300607,拓斯达,C34通用设备制造业,1.6497846272684262,15.59,18.99,0.21658851828094933,380081.65625247726
A_no_lookahead,2024-11-05,sz.301255,通力科技,C34通用设备制造业,5.2928459854128045,37.01,35.8,-0.034193866522561456,376041.2073894325
A_no_lookahead,2024-11-05,sz.300024,机器人,C34通用设备制造业,1.6841036286718911,16.15,18.8,0.16258668730650166,395252.933429257
A_no_lookahead,2024-11-07,sz.000998,隆平高科,A05农、林、牧、渔专业及辅助性活动,2.905166520903948,12.19,11.68,-0.04333757178014769,386688.2822423548
A_no_lookahead,2024-11-07,sz.002041,登海种业,A05农、林、牧、渔专业及辅助性活动,2.36455806113516,11.5,11.15,-0.03193478260869559,380377.12399009854
A_no_lookahead,2024-11-08,sz.000798,中水渔业,A04渔业,1.7561578540802771,8.8,8.04,-0.08786363636363653,346955.80668678664
A_no_lookahead,2024-11-14,sh.600604,市北高新,K70房地产业,3.0399631138259973,5.5,4.96,-0.09968181818181815,312370.6210475083
A_no_lookahead,2024-11-21,sz.001300,三柏硕,C24文教、工美、体育和娱乐用品制造业,1.7378882755318315,13.42,13.7,0.019364381520119267,318419.48492914886
A_no_lookahead,2024-11-22,sz.000504,南华生物,M75科技推广和应用服务业,1.9518232694661612,10.46,10.01,-0.04452103250478018,304243.1206904629
A_no_lookahead,2024-11-25,sz.002292,奥飞娱乐,C24文教、工美、体育和娱乐用品制造业,1.711317703297597,8.01,9.23,0.15080961298377044,327184.5143326145
A_no_lookahead,2024-11-25,sz.001300,三柏硕,C24文教、工美、体育和娱乐用品制造业,3.124549365215949,13.13,13.38,0.01754036557501909,329852.7821129122
A_no_lookahead,2024-11-26,sz.300703,创源股份,C24文教、工美、体育和娱乐用品制造业,2.2206903784932432,11.5,12.8,0.11154347826086958,366645.7087438112
A_no_lookahead,2024-11-28,sz.002292,奥飞娱乐,C24文教、工美、体育和娱乐用品制造业,2.233068335518926,10.07,9.21,-0.08690218470705063,350714.5521921601
A_no_lookahead,2024-11-28,sz.002862,实丰文化,C24文教、工美、体育和娱乐用品制造业,31.009378379047636,40.86,37.48,-0.08422148800783164,335274.82861111517
A_no_lookahead,2024-12-03,sh.600540,新赛股份,A01农业,3.044771066490345,5.5,4.77,-0.1342272727272728,312773.31568182824
A_no_lookahead,2024-12-03,sh.601118,海南橡胶,A01农业,3.5279844922699777,6.55,5.96,-0.09157633587786257,297421.6955236861
A_no_lookahead,2024-12-05,sh.601011,宝泰隆,C25石油、煤炭及其他燃料加工业,1.7705956454355196,3.22,3.6,0.11651242236024834,332075.01773164305
A_no_lookahead,2024-12-06,sz.301302,华如科技,I65软件和信息技术服务业,1.6023661468229895,27.55,26.51,-0.03924954627949179,327730.41980606935
A_no_lookahead,2024-12-06,sh.688031,星环科技,I65软件和信息技术服务业,2.2763292331723113,64.81,63.69,-0.01878128375250737,325651.488094357
A_no_lookahead,2024-12-06,sh.603859,能科科技,I65软件和信息技术服务业,1.6477734563337298,35.0,38.81,0.10735714285714298,337535.0298003251
A_no_lookahead,2024-12-09,sz.300759,康龙化成,M73研究和试验发展,2.5938024809668474,30.98,30.5,-0.016993867010974884,335623.0213310011
A_no_lookahead,2024-12-09,sz.301230,泓博医药,M73研究和试验发展,1.9343522450319974,29.5,28.53,-0.03438135593220332,331754.7173312838
A_no_lookahead,2024-12-09,sh.688202,美迪西,M73研究和试验发展,2.117832999013168,40.0,39.0,-0.026500000000000024,328773.1579013809
A_no_lookahead,2024-12-10,sz.000002,万科A,K70房地产业,1.5210585206118423,8.99,8.51,-0.05489265850945496,322757.41367346235
A_no_lookahead,2024-12-10,sz.001236,弘业期货,J67资本市场服务,1.7294310464427765,12.0,11.2,-0.06816666666666676,315286.95691892545
A_no_lookahead,2024-12-10,sz.002314,南山控股,K70房地产业,1.9826477286737358,2.92,2.78,-0.04944520547945214,309868.20480273804
A_no_lookahead,2024-12-13,sh.603216,梦天家居,C20木材加工和木、竹、藤、棕、草制品业,1.814910894338955,13.06,14.45,0.10493185298621738,320706.5531065594
A_no_lookahead,2024-12-13,sz.300860,锋尚文化,R88文化艺术业,1.6064801383243206,31.0,38.04,0.22559677419354834,344008.30891610717
A_no_lookahead,2024-12-13,sz.000592,平潭发展,C20木材加工和木、竹、藤、棕、草制品业,2.394977305626068,3.23,3.17,-0.020075851393188848,341934.68623907585
A_no_lookahead,2024-12-16,sz.300860,锋尚文化,R88文化艺术业,2.4284434866269144,38.04,36.62,-0.03882912723449011,337509.01109312166
A_no_lookahead,2024-12-16,sh.600706,曲江文旅,N78公共设施管理业,4.81024127884597,13.79,12.99,-0.059513052936910726,330725.8187320843
A_no_lookahead,2024-12-16,sz.300144,宋城演艺,R88文化艺术业,1.8205077935118064,10.65,10.32,-0.032485915492957707,327023.1316249931
A_no_lookahead,2024-12-17,sz.002858,力盛体育,R89体育,3.0079005013607856,15.1,13.13,-0.13196357615894033,283867.98968906316
A_no_lookahead,2024-12-18,sh.605086,龙高股份,B10非金属矿采选业,4.34494320102124,34.59,38.67,0.1164531656548134,316925.3157164225
A_no_lookahead,2024-12-25,sz.301230,泓博医药,M73研究和试验发展,1.8799188018960211,30.0,27.32,-0.09083333333333338,288137.93287218077
A_no_lookahead,2024-12-27,sh.600893,航发动力,C37铁路、船舶、航空航天和其他运输设备制造业,1.9842517442201189,42.69,41.28,-0.03452881236823607,284821.5793320758
A_no_lookahead,2024-12-27,sh.600862,中航高科,C37铁路、船舶、航空航天和其他运输设备制造业,3.992445416498409,25.8,25.29,-0.021267441860465197,282778.92708702455
A_no_lookahead,2024-12-27,sz.000738,航发控制,C37铁路、船舶、航空航天和其他运输设备制造业,1.5562917048855414,22.15,22.2,0.0007573363431150905,282851.66619648924
A_no_lookahead,2024-12-30,sz.300424,航新科技,C43金属制品、机械和设备修理业,5.886093182376279,18.73,18.81,0.002771222637479921,283635.51113690186
A_no_lookahead,2025-01-06,sh.600664,哈药股份,C27医药制造业,4.5045060389249505,4.57,4.8,0.04882822757111588,288251.984231916
A_no_lookahead,2025-01-06,sz.301211,亨迪药业,C27医药制造业,2.3331807758367167,23.84,22.16,-0.07196979865771808,281447.58735568204
A_no_lookahead,2025-01-06,sz.000756,新华制药,C27医药制造业,3.977935015917583,17.7,18.13,0.022793785310734338,283602.62967146706
A_no_lookahead,2025-01-15,sz.300242,佳云科技,L72商务服务业,2.4073796891877453,4.89,5.31,0.08438957055214719,291580.331046612
A_no_lookahead,2025-01-15,sz.301066,万事利,C18纺织服装、服饰业,2.5624813567926954,14.88,14.34,-0.03779032258064524,288007.852759944
A_no_lookahead,2025-01-15,sh.603000,人民网,I64互联网和相关服务,1.6045809944238063,22.01,21.5,-0.024671285779191365,285675.57225182565
A_no_lookahead,2025-01-17,sh.603808,歌力思,C18纺织服装、服饰业,3.4065875268309114,9.0,7.92,-0.1215,250965.99022322884
A_no_lookahead,2025-01-20,sz.300251,光线传媒,R87广播、电视、电影和录音制作业,1.745924603899028,9.5,9.35,-0.017289473684210577,246626.9203396325
A_no_lookahead,2025-01-23,sz.002797,第一创业,J67资本市场服务,2.0476287559569157,8.23,7.86,-0.04645747266099637,235169.25693048828
A_no_lookahead,2025-01-24,sh.603929,亚翔集成,E49建筑安装业,1.863486219842263,28.54,29.92,0.04685318850735826,246187.6864565878
A_no_lookahead,2025-01-27,sz.300418,昆仑万维,I64互联网和相关服务,2.2552981454424086,38.49,39.0,0.011750194855806586,247151.93755224286
A_no_lookahead,2025-01-27,sh.601360,三六零,I64互联网和相关服务,2.082531744662012,10.8,12.21,0.12905555555555553,257742.5671011068
A_no_lookahead,2025-01-27,sz.300113,顺网科技,I64互联网和相关服务,2.977398376290635,17.18,16.83,-0.021872526193248032,255947.65156094785
A_no_lookahead,2025-02-05,sh.603039,泛微网络,I65软件和信息技术服务业,2.7450977795014495,63.0,64.26,0.018500000000000016,257525.99541224036
A_no_lookahead,2025-02-05,sz.300378,鼎捷数智,I65软件和信息技术服务业,2.9121179738909815,35.05,34.21,-0.025465763195434976,255353.3613172141
A_no_lookahead,2025-02-05,sh.600633,浙数文化,I64互联网和相关服务,1.5095966093698592,10.82,11.68,0.07798243992606274,262006.50210457025
A_no_lookahead,2025-02-06,sh.600633,浙数文化,I64互联网和相关服务,4.353605328030147,11.68,13.59,0.162027397260274,304458.7337058423
A_no_lookahead,2025-02-07,sz.002284,亚太股份,C36汽车制造业,5.17935341524988,9.41,9.13,-0.031255579171094505,301286.7223539509
A_no_lookahead,2025-02-07,sz.002126,银轮股份,C36汽车制造业,2.123279776730587,22.7,22.49,-0.010751101321585908,300195.6334558465
A_no_lookahead,2025-02-07,sh.603786,科博达,C36汽车制造业,2.468732056403809,71.0,71.58,0.006669014084506987,300872.4466502583
A_no_lookahead,2025-02-10,sz.000032,深桑达A,E49建筑安装业,2.0111792085232914,19.3,19.73,0.020779792746114023,302956.46901172784
A_no_lookahead,2025-02-10,sh.600050,中国联通,I63电信、广播电视和卫星传输服务,2.9284183239275463,5.44,5.4,-0.008852941176470562,302068.6003211227
A_no_lookahead,2025-02-10,sz.300288,朗玛信息,I63电信、广播电视和卫星传输服务,1.6576730980495624,16.5,16.64,0.00698484848484854,302769.11647216196
A_no_lookahead,2025-02-14,sz.000032,深桑达A,E49建筑安装业,1.6689668445631853,23.0,25.93,0.12589130434782608,340885.1154610813
A_no_lookahead,2025-02-17,sz.300244,迪安诊断,Q84卫生,1.7462998733798132,19.1,19.19,0.0032120418848167755,341250.09455067187
A_no_lookahead,2025-02-17,sh.688315,诺禾致源,M73研究和试验发展,1.673857213400001,18.0,18.99,0.053499999999999936,347329.2124430611
A_no_lookahead,2025-02-17,sz.300759,康龙化成,M73研究和试验发展,2.034317509845276,27.68,27.44,-0.01017052023121384,346173.55278862227
A_no_lookahead,2025-02-18,sz.002184,海得控制,C38电气机械和器材制造业,2.082432101376958,15.7,14.72,-0.06392038216560497,338797.7041919976
A_no_lookahead,2025-02-18,sh.601877,正泰电器,C38电气机械和器材制造业,5.379563158556964,24.19,23.11,-0.04614654816039693,333472.79935012566
A_no_lookahead,2025-02-18,sz.002150,正泰电源,C38电气机械和器材制造业,2.038412105405856,13.43,12.92,-0.03947468354430378,328917.7688675463
A_no_lookahead,2025-02-21,sz.002990,盛视科技,I65软件和信息技术服务业,1.544354018822763,31.3,33.7,0.07517731629392982,353644.9240123955
A_no_lookahead,2025-02-24,sz.002041,登海种业,A05农、林、牧、渔专业及辅助性活动,1.9328498911655767,12.4,11.5,-0.07408064516129037,327446.6798835417
A_no_lookahead,2025-03-03,sz.000833,粤桂股份,S91综合,1.7050038952968423,15.03,14.37,-0.045412175648702646,320011.64681231376
A_no_lookahead,2025-03-03,sz.300591,万里马,C19皮革、毛皮、羽毛及其制品和制鞋业,2.862084822640189,4.55,4.4,-0.03446703296703285,314368.589057068
A_no_lookahead,2025-03-04,sz.002155,湖南黄金,B09有色金属矿采选业,1.8463942475146586,18.25,19.07,0.043431506849315016,328022.09058590955
A_no_lookahead,2025-03-06,sz.002195,岩山科技,I64互联网和相关服务,1.6085332511048245,6.02,6.93,0.14966279069767446,352568.44132969587
A_no_lookahead,2025-03-06,sh.688500,慧辰股份,I65软件和信息技术服务业,2.423778518437791,32.75,33.26,0.014072519083969505,354876.48989456275
A_no_lookahead,2025-03-07,sz.301287,康力源,C24文教、工美、体育和娱乐用品制造业,12.052094889434265,38.18,33.02,-0.13664929282346766,330629.67920267954
A_no_lookahead,2025-03-07,sh.600637,东方明珠,I63电信、广播电视和卫星传输服务,3.080998016258203,8.49,8.08,-0.04979210836277975,321794.65488256305
A_no_lookahead,2025-03-10,sz.300143,盈康生命,Q84卫生,1.6017858315873688,11.05,10.28,-0.07118325791855212,310341.4589249046
A_no_lookahead,2025-03-10,sz.000048,京基智农,A03畜牧业,2.1036850513089567,15.84,15.95,0.00544444444444442,311217.4554854182
A_no_lookahead,2025-03-12,sz.002238,天威视讯,I63电信、广播电视和卫星传输服务,2.9523695978013893,10.48,11.0,0.04811832061068705,318705.086136763
A_no_lookahead,2025-03-12,sh.605068,明新旭腾,C19皮革、毛皮、羽毛及其制品和制鞋业,2.4016411658105317,15.55,15.35,-0.014361736334405238,316470.27461758995
A_no_lookahead,2025-03-14,sh.688196,卓越新能,C42废弃资源综合利用业,1.7260208261230003,47.0,44.01,-0.06511702127659574,295862.67301190627
A_no_lookahead,2025-03-17,sh.605108,同庆楼,H62餐饮业,2.9534415476984615,24.0,22.65,-0.057750000000000024,287319.63832868746
A_no_lookahead,2025-03-17,sz.300860,锋尚文化,R88文化艺术业,4.800662927430438,29.5,28.42,-0.0381101694915254,281681.9500213377
A_no_lookahead,2025-03-18,sz.300511,雪榕生物,A01农业,5.935063410246296,5.63,5.3,-0.06011456483126115,264748.762174984
A_no_lookahead,2025-03-21,sh.603998,方盛制药,C27医药制造业,1.8373073325182385,11.03,10.05,-0.09034859474161366,256775.53596762015
A_no_lookahead,2025-03-21,sz.002864,盘龙药业,C27医药制造业,2.7442175791347183,30.5,28.87,-0.054942622950819586,251926.8721619947
A_no_lookahead,2025-03-21,sz.301111,粤万年青,C27医药制造业,3.0139064524876167,18.01,16.36,-0.0931157690172128,243709.44396656842
A_no_lookahead,2025-03-24,sz.002320,海峡股份,G55水上运输业,1.721093951534485,7.4,6.6,-0.10960810810810823,216996.91288531385
A_no_lookahead,2025-04-01,sz.002631,德尔未来,C20木材加工和木、竹、藤、棕、草制品业,2.712982367516427,4.8,4.68,-0.026500000000000024,211246.49469385302
A_no_lookahead,2025-04-07,sh.600371,万向德农,A05农、林、牧、渔专业及辅助性活动,3.339828526596702,9.25,10.64,0.1487702702702703,221722.22739693694
A_no_lookahead,2025-04-07,sz.002041,登海种业,A05农、林、牧、渔专业及辅助性活动,1.6255687881025487,10.8,11.4,0.05405555555555558,225528.57627355025
A_no_lookahead,2025-04-07,sz.000713,国投丰乐,A05农、林、牧、渔专业及辅助性活动,4.0375810080179155,7.68,8.08,0.05058333333333348,229090.42689241606
A_no_lookahead,2025-04-08,sz.300511,雪榕生物,A01农业,2.7767582240974327,4.6,5.5,0.19415217391304368,243916.56169369264
A_no_lookahead,2025-04-08,sz.300736,百邦科技,O81机动车、电子产品和日用产品修理业,2.4507996115166923,7.2,7.35,0.019333333333333258,245392.9222225549
A_no_lookahead,2025-04-08,sh.600598,北大荒,A01农业,9.97783034803308,16.05,18.43,0.14678660436137064,256602.05750763306
A_no_lookahead,2025-04-09,sh.600598,北大荒,A01农业,3.8259163591105567,18.43,17.3,-0.06281307650569717,251229.40261771763
A_no_lookahead,2025-04-09,sz.000713,国投丰乐,A05农、林、牧、渔专业及辅助性活动,3.645216429881923,9.3,8.26,-0.11332795698924741,241536.00697219183
A_no_lookahead,2025-04-09,sz.300511,雪榕生物,A01农业,2.2910431834675866,5.5,5.11,-0.07240909090909081,235342.56640234852
A_no_lookahead,2025-04-10,sz.002126,银轮股份,C36汽车制造业,1.9859458561803718,24.0,23.4,-0.026500000000000024,233263.70706579444
A_no_lookahead,2025-04-10,sz.002600,领益智造,C39计算机、通信和其他电子设备制造业,3.6043565209319133,7.2,6.83,-0.05288888888888893,229114.70478403452
A_no_lookahead,2025-04-10,sh.603516,淳中科技,C39计算机、通信和其他电子设备制造业,1.9936211165805136,38.66,36.66,-0.05323305742369372,224938.70333352263
A_no_lookahead,2025-04-11,sh.600794,保税科技,G59装卸搬运和仓储业,3.461247900574791,3.85,3.6,-0.06643506493506496,217466.79465233668
A_no_lookahead,2025-04-11,sh.600547,山东黄金,B09有色金属矿采选业,1.5672757880446122,29.9,29.4,-0.018222408026755843,215417.33223576026
A_no_lookahead,2025-04-14,sh.600171,上海贝岭,C39计算机、通信和其他电子设备制造业,1.7530845007413873,36.73,36.47,-0.00857868227606856,214801.33328575728
A_no_lookahead,2025-04-14,sh.603595,ST东尼,C39计算机、通信和其他电子设备制造业,1.5621500196102205,18.2,17.75,-0.02622527472527464,212918.20704626778
A_no_lookahead,2025-04-14,sz.000016,*ST康佳A,C39计算机、通信和其他电子设备制造业,2.8088457217238387,5.33,4.99,-0.06528986866791747,208230.0172694458
A_no_lookahead,2025-04-23,sz.002983,芯瑞达,C39计算机、通信和其他电子设备制造业,1.7615135213524116,17.81,18.39,0.031065974171813615,210386.3067155421
A_no_lookahead,2025-04-23,sz.300866,安克创新,C39计算机、通信和其他电子设备制造业,1.5720514545883368,84.0,84.72,0.0070714285714284526,210877.13461339148
A_no_lookahead,2025-04-23,sh.600523,贵航股份,C36汽车制造业,2.929886832110743,12.5,12.02,-0.03989999999999999,208107.67538370786
A_no_lookahead,2025-04-25,sz.300725,药石科技,M73研究和试验发展,1.8608726924498098,32.49,31.26,-0.03935780240073866,205377.45512843152
A_no_lookahead,2025-04-25,sh.688202,美迪西,M73研究和试验发展,1.746774432745069,29.5,28.3,-0.04217796610169494,202451.602302486
A_no_lookahead,2025-04-25,sz.300015,爱尔眼科,Q84卫生,1.8205554032618618,13.02,13.05,0.0008041474654379445,202507.38538905198
A_no_lookahead,2025-04-28,sh.600452,涪陵电力,D44电力、热力生产和供应业,3.38192073979965,10.2,9.97,-0.02404901960784306,200072.3333480748
A_no_lookahead,2025-04-28,sz.000722,湖南发展,D44电力、热力生产和供应业,1.6993184830901387,13.24,12.65,-0.04606193353474314,195408.39248503224
A_no_lookahead,2025-05-07,sz.300033,同花顺,J69其他金融业,1.722506102503744,280.72,267.68,-0.04795198062125966,192284.98600180764
A_no_lookahead,2025-05-07,sz.300059,东方财富,J67资本市场服务,1.7634660126376946,22.0,21.09,-0.04286363636363638,189493.01457584725
A_no_lookahead,2025-05-07,sh.601162,天风证券,J67资本市场服务,1.801955024526289,4.24,4.03,-0.05102830188679247,186169.2284282009
A_no_lookahead,2025-05-09,sh.600156,华升股份,C17纺织业,2.4146338906060163,6.0,7.04,0.17183333333333334,196832.58812317174
A_no_lookahead,2025-05-09,sh.600493,凤竹纺织,C17纺织业,1.8284394569299474,5.82,5.99,0.027709621993127043,198552.14777200427
A_no_lookahead,2025-05-09,sz.000677,ST海龙,C17纺织业,4.455038666109814,4.98,4.97,-0.0035080321285141922,198334.45189378198
A_no_lookahead,2025-05-12,sh.600493,凤竹纺织,C17纺织业,2.6971110462546353,5.99,5.8,-0.03321953255425719,196138.2593000099
A_no_lookahead,2025-05-12,sz.300877,金春股份,C17纺织业,2.907512359617117,16.32,15.78,-0.03458823529411775,193851.57973699924
A_no_lookahead,2025-05-12,sh.600630,龙头股份,C18纺织服装、服饰业,4.068324069672591,9.2,8.95,-0.028673913043478272,191955.90479462314
A_no_lookahead,2025-05-13,sz.300729,乐歌股份,C21家具制造业,1.7645070127581635,15.68,16.35,0.04122959183673475,194593.99266306762
A_no_lookahead,2025-05-13,sh.601022,宁波远洋,G55水上运输业,2.706237718654276,8.74,9.58,0.09460983981693355,200647.63179791224
A_no_lookahead,2025-05-13,sz.001317,三羊马,G58多式联运和运输代理业,1.5205506337451034,42.99,40.6,-0.057094324261456164,196994.4342404971
A_no_lookahead,2025-05-15,sz.300240,飞力达,G58多式联运和运输代理业,2.363756107566765,10.5,9.93,-0.05578571428571427,193331.27583235834
A_no_lookahead,2025-05-15,sh.601008,连云港,G55水上运输业,1.6427211561270287,6.53,6.77,0.03525344563552829,195646.18669169134
A_no_lookahead,2025-05-15,sh.601083,锦江航运,G55水上运输业,3.282100847983911,13.77,13.45,-0.024738925199709494,194021.70983387975
A_no_lookahead,2025-05-19,sh.603080,新疆火炬,D45燃气生产和供应业,2.216922351110541,18.2,17.06,-0.06413736263736264,187799.6894523114
A_no_lookahead,2025-05-19,sz.000421,南京公用,D45燃气生产和供应业,3.5613086569023475,6.49,6.32,-0.027694144838212587,185113.05678536283
A_no_lookahead,2025-05-21,sz.002103,广博股份,C24文教、工美、体育和娱乐用品制造业,1.7119991209739258,10.8,10.17,-0.05983333333333335,181421.07970836587
A_no_lookahead,2025-05-21,sz.002731,*ST萃华,C24文教、工美、体育和娱乐用品制造业,2.166074418447863,11.2,11.85,0.05653571428571441,184909.57933802338
A_no_lookahead,2025-05-21,sz.002862,实丰文化,C24文教、工美、体育和娱乐用品制造业,2.4867038203679495,20.57,19.32,-0.062268108896451124,181067.3660120014
A_no_lookahead,2025-05-22,sz.300192,科德教育,P83教育,1.9244438773516142,16.9,16.14,-0.04647041420118331,176860.22826355393
A_no_lookahead,2025-05-22,sh.600234,科新发展,E50建筑装饰、装修和其他建筑业,1.7454830278470854,8.0,7.4,-0.07649999999999996,169934.40151359487
A_no_lookahead,2025-05-27,sh.600616,金枫酒业,C15酒、饮料和精制茶制造业,1.5172235100030589,6.45,7.1,0.09927519379844957,186804.67215688055
A_no_lookahead,2025-05-28,sh.603779,威龙股份,C15酒、饮料和精制茶制造业,2.305500138204297,7.96,7.72,-0.03165075376884424,180892.16347557344
A_no_lookahead,2025-05-29,sz.300815,玉禾田,N78公共设施管理业,3.5726668689985077,23.71,29.2,0.2300478700970055,201699.09193797095
A_no_lookahead,2025-05-29,sh.603686,福龙马,N78公共设施管理业,2.6764129199001534,15.15,16.98,0.1192920792079209,212488.59308468108
A_no_lookahead,2025-05-30,sh.600834,申通地铁,S91综合,2.959635459329109,9.52,8.45,-0.11389495798319332,188287.21370339347
A_no_lookahead,2025-06-03,sz.001277,速达股份,C43金属制品、机械和设备修理业,2.440481048299887,44.28,43.95,-0.008952574525745214,186601.5583904689
A_no_lookahead,2025-06-05,sh.600259,中稀有色,B09有色金属矿采选业,1.554006537877271,54.1,55.8,0.029923290203327124,192185.29097458
A_no_lookahead,2025-06-06,sz.301227,森鹰窗业,C20木材加工和木、竹、藤、棕、草制品业,3.7423214205496347,19.72,19.93,0.009149087221095366,193943.61096431804
A_no_lookahead,2025-06-11,sz.301539,宏鑫科技,C36汽车制造业,1.6240975973100982,19.0,18.05,-0.051499999999999935,190614.2456427639
A_no_lookahead,2025-06-11,sz.300926,博俊科技,C36汽车制造业,3.3587499245179098,26.1,25.56,-0.022189655172413947,189179.73169270024
A_no_lookahead,2025-06-11,sh.688053,ST思科瑞,M74专业技术服务业,2.076013517956447,31.41,30.02,-0.045753422476918215,186221.8703696504
A_no_lookahead,2025-06-12,sz.002996,顺博合金,C42废弃资源综合利用业,1.7495175877580835,8.23,7.59,-0.07926427703523703,178841.4994081504
A_no_lookahead,2025-06-12,sz.002645,华宏科技,C42废弃资源综合利用业,1.7718491849720377,10.3,10.09,-0.021888349514563143,176803.45471519712
A_no_lookahead,2025-06-13,sh.600583,海油工程,B11开采专业及辅助性活动,1.649938677459627,5.5,5.58,0.01304545454545464,177956.69543118036
A_no_lookahead,2025-06-13,sh.600938,中国海油,B07石油和天然气开采业,1.5934817607748029,27.59,27.7,0.002486951794128224,178176.54626563637
A_no_lookahead,2025-06-16,sz.300483,首华燃气,B07石油和天然气开采业,11.74647654676565,11.55,10.64,-0.08028787878787874,173408.0739491636
A_no_lookahead,2025-06-16,sh.600968,海油发展,B11开采专业及辅助性活动,3.1447546639628015,4.4,4.16,-0.056045454545454565,170079.41210756468
A_no_lookahead,2025-06-16,sz.300332,天壕能源,D45燃气生产和供应业,3.9428542567629505,5.05,4.96,-0.01932178217821784,168931.84930216076
A_no_lookahead,2025-06-18,sz.000663,永安林业,A02林业,1.8225713608695988,7.1,6.57,-0.07614788732394356,164643.91482679863
A_no_lookahead,2025-06-18,sh.603619,中曼石油,B07石油和天然气开采业,1.8356370407998617,21.9,21.43,-0.022961187214611878,163350.95622068614
A_no_lookahead,2025-06-18,sz.300483,首华燃气,B07石油和天然气开采业,2.2584392210169355,11.71,10.82,-0.07750341588385995,158986.69109652116
A_no_lookahead,2025-06-23,sz.000968,蓝焰控股,B07石油和天然气开采业,1.9174333640676327,8.56,7.42,-0.134677570093458,148280.72047948182
A_no_lookahead,2025-06-23,sz.300483,首华燃气,B07石油和天然气开采业,1.6971873790779513,15.33,11.8,-0.23176744944553157,129856.75053386917
A_no_lookahead,2025-06-25,sh.605188,国光连锁,F52零售业,2.0795603566822276,11.15,10.61,-0.04993049327354265,123372.9389248137
A_no_lookahead,2025-06-26,sh.601133,柏诚股份,E49建筑安装业,12.075494187636595,13.26,12.5,-0.05881523378582204,120954.20284291141
A_no_lookahead,2025-06-26,sh.601162,天风证券,J67资本市场服务,5.948333007931144,4.7,4.76,0.011265957446808418,121417.5076029163
A_no_lookahead,2025-06-26,sh.601519,大智慧,J69其他金融业,5.471760323380656,10.84,10.62,-0.02179520295202958,120521.19485536474
A_no_lookahead,2025-07-03,sz.001201,东瑞股份,A03畜牧业,2.041533785496581,16.93,16.77,-0.01095067926757237,119201.40590555905
A_no_lookahead,2025-07-07,sh.600396,华电辽能,D44电力、热力生产和供应业,1.6584915331338814,3.7,3.85,0.03904054054054057,120752.63501214085
A_no_lookahead,2025-07-07,sz.300040,九洲集团,D44电力、热力生产和供应业,1.8859532610692156,8.15,8.09,-0.008861963190184117,120400.51552168977
A_no_lookahead,2025-07-07,sh.600719,大连热电,D44电力、热力生产和供应业,2.6928146961650996,7.03,7.14,0.014147226173541862,120962.63860487314
A_no_lookahead,2025-07-09,sz.000987,越秀资本,J69其他金融业,1.7649973481418686,7.18,7.84,0.09042200557103058,131900.32298668954
A_no_lookahead,2025-07-10,sz.300967,晓鸣股份,A03畜牧业,1.7802663409444912,20.34,19.8,-0.028048672566371613,128200.69401583723
A_no_lookahead,2025-07-11,sh.600864,哈投股份,J67资本市场服务,2.318953475635898,6.55,6.82,0.039721374045801616,129898.12992248204
A_no_lookahead,2025-07-11,sz.002468,申通快递,G60邮政业,3.1518247476561077,12.46,12.43,-0.003907704654895703,129731.13977289319
A_no_lookahead,2025-07-11,sz.000557,西部创业,G53铁路运输业,1.5704207431579105,5.41,5.4,-0.003348428835489746,129588.04947270238
A_no_lookahead,2025-07-14,sz.000603,盛达资源,B09有色金属矿采选业,2.3315393050743665,16.5,16.02,-0.03059090909090917,128266.64405913981
A_no_lookahead,2025-07-14,sh.601609,金田股份,C32有色金属冶炼和压延加工业,2.633970169173755,7.7,8.87,0.15044805194805183,134765.40059211175
A_no_lookahead,2025-07-14,sz.000758,中色股份,B09有色金属矿采选业,5.765876812921201,5.96,5.74,-0.03841275167785235,133106.1227371744
A_no_lookahead,2025-07-15,sz.002961,瑞达期货,J67资本市场服务,1.5019226869692603,23.62,23.12,-0.022668501270110053,130088.80642484732
A_no_lookahead,2025-07-18,sz.300785,值得买,I64互联网和相关服务,1.5671141604970023,36.36,34.28,-0.058705720572057196,126270.32786508257
A_no_lookahead,2025-07-18,sh.601360,三六零,I64互联网和相关服务,2.4791355819433196,11.2,10.72,-0.044357142857142706,123385.1439797315
A_no_lookahead,2025-07-21,sz.000401,金隅冀东,C30非金属矿物制品业,1.5397180376121111,4.91,5.3,0.07792973523421592,133000.5155819076
A_no_lookahead,2025-07-22,sz.002761,浙江建投,E48土木工程建筑业,7.394921899064932,10.29,11.39,0.10539990281827022,137673.26272094523
A_no_lookahead,2025-07-22,sh.603176,汇通集团,E48土木工程建筑业,1.749467056784608,7.22,6.38,-0.11784349030470914,132448.84773144595
A_no_lookahead,2025-07-22,sh.600984,建设机械,L71租赁业,4.683881126376055,3.7,3.7,-0.0015,132382.34747365498
A_no_lookahead,2025-07-23,sz.300021,大禹节水,N76水利管理业,7.4419129561943596,6.22,6.11,-0.01918488745980701,131535.7673276726
A_no_lookahead,2025-07-23,sh.601001,晋控煤业,B06煤炭开采和洗选业,3.6240640805644393,14.99,14.87,-0.009505336891260928,131116.3210572749
A_no_lookahead,2025-07-23,sh.601101,昊华能源,B06煤炭开采和洗选业,5.876590788276793,8.21,7.75,-0.05752923264311821,128577.70276872358
A_no_lookahead,2025-07-24,sz.300528,幸福蓝海,R87广播、电视、电影和录音制作业,1.6837300516004736,12.31,15.3,0.2413919577579205,159615.32616408175
A_no_lookahead,2025-07-28,sz.000888,峨眉山A,N78公共设施管理业,2.5472414892566557,14.7,14.22,-0.034153061224489745,157798.2088284655
A_no_lookahead,2025-07-28,sz.000558,天府文旅,N78公共设施管理业,3.2681461274474466,5.35,5.71,0.06578971962616836,161298.5580139236
A_no_lookahead,2025-07-28,sh.601595,上海电影,R87广播、电视、电影和录音制作业,1.9541586164478042,34.0,36.0,0.05732352941176472,164348.46262856867
A_no_lookahead,2025-07-29,sz.002397,梦洁股份,C17纺织业,2.406633308363306,3.83,3.67,-0.04327545691906004,157236.2078143723
A_no_lookahead,2025-08-04,sz.002120,韵达股份,G60邮政业,1.7311345911242113,8.27,8.07,-0.025683796856106278,153197.78499444344
A_no_lookahead,2025-08-05,sh.600879,航天电子,C37铁路、船舶、航空航天和其他运输设备制造业,1.6507704236365583,11.29,10.98,-0.028957927369353265,148761.49466342854
A_no_lookahead,2025-08-11,sz.300967,晓鸣股份,A03畜牧业,2.3960794223431243,22.83,23.45,0.02565724923346485,150033.76491173598
A_no_lookahead,2025-08-11,sz.002458,益生股份,A03畜牧业,1.8448768169352494,9.55,9.52,-0.004641361256544628,149803.61296580383
A_no_lookahead,2025-08-11,sz.002982,湘佳股份,A03畜牧业,1.5724415305036985,16.54,16.73,0.009987303506650726,150298.85503157272
A_no_lookahead,2025-08-13,sz.000419,通程控股,F52零售业,2.144685244281147,6.5,6.1,-0.06303846153846154,147140.65216751184
A_no_lookahead,2025-08-13,sh.600778,友好集团,F52零售业,2.0329391365087233,7.6,7.04,-0.0751842105263158,143373.95191465918
A_no_lookahead,2025-08-13,sh.601086,国芳集团,F52零售业,1.7094913879196774,11.73,10.81,-0.07993137254901955,139369.42065625262
A_no_lookahead,2025-08-15,sz.002951,金时科技,C23印刷和记录媒介复制业,2.6304813127709785,17.79,19.13,0.07382321528948849,144513.77002919154
A_no_lookahead,2025-08-15,sh.600076,康欣新材,C20木材加工和木、竹、藤、棕、草制品业,5.0515247638712335,2.59,2.88,0.11046911196911197,152211.77809696447
A_no_lookahead,2025-08-18,sz.300803,指南针,J69其他金融业,2.094257105818921,115.14,123.26,0.06902284175786005,162717.86757023376
A_no_lookahead,2025-08-20,sh.600805,悦达投资,S91综合,1.7362108116966137,6.19,6.0,-0.03219466882067862,157479.21971260305
A_no_lookahead,2025-08-21,sh.600864,哈投股份,J67资本市场服务,1.751479301424291,8.55,7.72,-0.09857602339181298,141955.54446648902
A_no_lookahead,2025-08-25,sz.002378,章源钨业,C32有色金属冶炼和压延加工业,1.7641862283044387,13.0,13.53,0.03926923076923067,143813.70614469782
A_no_lookahead,2025-08-25,sz.300618,寒锐钴业,C32有色金属冶炼和压延加工业,2.046007944735484,41.0,40.86,-0.004914634146341466,143581.15295599864
A_no_lookahead,2025-08-25,sh.603799,华友钴业,C32有色金属冶炼和压延加工业,1.6970593373775416,49.01,47.67,-0.028841358906345593,142216.4226870974
A_no_lookahead,2025-08-26,sh.603929,亚翔集成,E49建筑安装业,1.8122433708796175,40.9,44.1,0.07673960880195613,147673.23900820815
A_no_lookahead,2025-08-26,sz.000663,永安林业,A02林业,3.2843051920666153,7.44,7.04,-0.05526344086021512,143743.55457594825
A_no_lookahead,2025-08-27,sz.002232,启明信息,I65软件和信息技术服务业,2.0272464629035336,22.65,24.95,0.10004525386313473,148537.17471219494
A_no_lookahead,2025-08-27,sh.600728,佳都科技,I65软件和信息技术服务业,8.640413246243117,8.2,7.7,-0.062475609756097505,145543.6859719812
A_no_lookahead,2025-08-27,sh.688787,海天瑞声,I65软件和信息技术服务业,1.891765427406231,160.0,139.42,-0.1301250000000001,139308.80929224944
A_no_lookahead,2025-08-29,sz.002423,中粮资本,J68保险业,2.702095896748633,14.61,14.31,-0.022033880903490732,136239.29557949692
A_no_lookahead,2025-09-01,sh.601069,西部黄金,B09有色金属矿采选业,2.1539811386807415,20.9,23.11,0.10424162679425836,140973.23084766712
A_no_lookahead,2025-09-01,sh.600711,盛屯矿业,B09有色金属矿采选业,2.1148500360394866,8.95,9.19,0.02531564245810053,142122.89261287844
A_no_lookahead,2025-09-01,sh.600489,中金黄金,B09有色金属矿采选业,1.8942396547811953,16.4,18.07,0.10032926829268313,146679.1555589456
A_no_lookahead,2025-09-02,sh.600459,贵研铂业,C32有色金属冶炼和压延加工业,1.7168412358513756,17.95,17.76,-0.012084958217270124,146088.2850701875
A_no_lookahead,2025-09-02,sh.600489,中金黄金,B09有色金属矿采选业,1.8664277145720811,18.07,18.53,0.023956557830658698,147259.59429442085
A_no_lookahead,2025-09-02,sh.600531,豫光金铅,C32有色金属冶炼和压延加工业,1.9536638503153128,10.19,10.41,0.02008979391560356,148241.84563005218
A_no_lookahead,2025-09-03,sh.601069,西部黄金,B09有色金属矿采选业,1.741539288615773,25.4,27.5,0.08117716535433078,152253.12990176617
A_no_lookahead,2025-09-03,sz.002155,湖南黄金,B09有色金属矿采选业,1.6839362572482761,23.27,22.1,-0.05177932960893844,149694.50877286086
A_no_lookahead,2025-09-03,sh.600489,中金黄金,B09有色金属矿采选业,1.6999614477736908,18.53,18.16,-0.021467620075553195,148633.7088990993
A_no_lookahead,2025-09-08,sz.002460,赣锋锂业,C32有色金属冶炼和压延加工业,1.9780946365594136,46.48,47.5,0.020444922547332267,150153.1112322817
A_no_lookahead,2025-09-08,sz.002738,中矿资源,C32有色金属冶炼和压延加工业,1.6299537752577116,43.75,43.95,0.0030714285714286706,150381.37014237675
A_no_lookahead,2025-09-09,sz.002683,广东宏大,B11开采专业及辅助性活动,1.534846217483307,36.49,34.8,-0.04781405864620453,143191.02649109255
A_no_lookahead,2025-09-11,sz.301139,*ST元道,I65软件和信息技术服务业,4.9170222329310125,24.56,23.0,-0.06501791530944617,138536.03547435728
A_no_lookahead,2025-09-11,sz.300959,线上线下,I65软件和信息技术服务业,1.6185420248591633,47.81,48.32,0.009167224430035427,139192.36761246278
A_no_lookahead,2025-09-15,sz.001309,德明利,C39计算机、通信和其他电子设备制造业,1.5752984428809398,117.4,120.0,0.020646507666098712,140150.31304078715
A_no_lookahead,2025-09-15,sh.688041,海光信息,C39计算机、通信和其他电子设备制造业,1.7926117122202034,232.24,234.07,0.0063797795384084605,140446.31858038603
A_no_lookahead,2025-09-15,sz.301308,江波龙,C39计算机、通信和其他电子设备制造业,3.7590730725059367,116.31,110.75,-0.04930328432636916,138158.7716215668
A_no_lookahead,2025-09-16,sz.300013,新宁物流,G59装卸搬运和仓储业,1.8023028595971182,4.09,4.78,0.16720415647921777,145859.01191129643
A_no_lookahead,2025-09-16,sz.000603,盛达资源,B09有色金属矿采选业,1.730983823710541,23.0,21.67,-0.059326086956521695,143126.87214495402
A_no_lookahead,2025-09-16,sh.601699,潞安环能,B06煤炭开采和洗选业,2.0120721352013278,14.09,13.6,-0.03627643718949608,141456.23614465146
A_no_lookahead,2025-09-29,sh.601212,白银有色,C32有色金属冶炼和压延加工业,1.6605259473485012,4.02,4.03,0.0009875621890549926,141502.80175472563
A_no_lookahead,2025-09-29,sh.600459,贵研铂业,C32有色金属冶炼和压延加工业,2.0774873897394097,16.6,16.77,0.008740963855421504,141914.95637048042
A_no_lookahead,2025-09-29,sz.000737,北方铜业,C32有色金属冶炼和压延加工业,1.556549984884182,15.15,15.36,0.012361386138613874,142497.8214227134
A_no_lookahead,2025-09-30,sz.000426,兴业银锡,B09有色金属矿采选业,1.5375941400138344,33.0,35.0,0.05910606060606055,145305.31637912756
A_no_lookahead,2025-09-30,sh.601899,紫金矿业,B09有色金属矿采选业,1.519073035192884,29.57,31.22,0.05429979709164684,147884.51730887927
A_no_lookahead,2025-09-30,sh.603216,梦天家居,C20木材加工和木、竹、藤、棕、草制品业,1.7991446435374872,18.88,19.4,0.02604237288135597,149121.51110896966
A_no_lookahead,2025-10-09,sz.000426,兴业银锡,B09有色金属矿采选业,1.6417083946014646,35.0,35.74,0.01964285714285713,150097.90195551649
A_no_lookahead,2025-10-09,sz.000923,河钢资源,B08黑色金属矿采选业,3.3756312015262977,19.0,19.04,0.0006052631578946101,150127.98787442443
A_no_lookahead,2025-10-09,sz.002155,湖南黄金,B09有色金属矿采选业,1.5668503085011383,23.79,22.99,-0.035127574611181156,148381.89553855362
A_no_lookahead,2025-10-10,sz.002631,德尔未来,C20木材加工和木、竹、藤、棕、草制品业,2.2802371348521597,5.52,5.6,0.01299275362318847,150309.78494942773
A_no_lookahead,2025-10-13,sh.600598,北大荒,A01农业,1.689181281650516,15.2,14.62,-0.03965789473684206,147329.30013470683
A_no_lookahead,2025-10-13,sz.002041,登海种业,A05农、林、牧、渔专业及辅助性活动,1.6498012374687283,9.8,9.49,-0.03313265306122454,144839.2191564885
A_no_lookahead,2025-10-14,sh.600489,中金黄金,B09有色金属矿采选业,1.509185182676676,26.79,25.32,-0.056371220604703176,142117.63129806073
A_no_lookahead,2025-10-14,sz.000831,中国稀土,C32有色金属冶炼和压延加工业,1.86816279784625,62.87,61.4,-0.024881581040241796,140916.35504164489
A_no_lookahead,2025-10-14,sz.000426,兴业银锡,B09有色金属矿采选业,1.6963029724039689,39.3,35.18,-0.10633460559796432,135782.54796027078
A_no_lookahead,2025-10-15,sz.002731,*ST萃华,C24文教、工美、体育和娱乐用品制造业,3.1982702316082707,13.9,13.62,-0.021643884892086407,134802.92734746868
A_no_lookahead,2025-10-15,sz.002155,湖南黄金,B09有色金属矿采选业,1.6150534324882904,23.99,23.99,-0.0015,134735.03607348853
A_no_lookahead,2025-10-15,sh.600531,豫光金铅,C32有色金属冶炼和压延加工业,1.5930505550672696,14.65,14.85,0.012151877133105784,135285.0403533663
A_no_lookahead,2025-10-22,sh.600871,石化油服,B11开采专业及辅助性活动,3.504095704748322,2.45,2.72,0.10870408163265305,140187.05237678267
A_no_lookahead,2025-10-22,sh.600984,建设机械,L71租赁业,2.248430759565822,4.44,4.67,0.050301801801801604,142455.4128056506
A_no_lookahead,2025-10-22,sz.002051,中工国际,E48土木工程建筑业,1.7987728066539095,9.1,8.79,-0.03556593406593417,140851.56653054556
A_no_lookahead,2025-10-24,sh.688027,国盾量子,C39计算机、通信和其他电子设备制造业,1.7577739642503662,434.0,429.5,-0.011868663594470084,140294.32657724383
A_no_lookahead,2025-10-24,sz.002587,奥拓电子,C39计算机、通信和其他电子设备制造业,1.879612470720677,6.39,6.5,0.015714397496087662,141032.12574537972
A_no_lookahead,2025-10-24,sz.300227,光韵达,C39计算机、通信和其他电子设备制造业,1.8005492179860076,9.39,9.97,0.06026783812566566,143861.7322158495
A_no_lookahead,2025-10-31,sz.002163,海南发展,E50建筑装饰、装修和其他建筑业,3.766364542806181,12.49,12.85,0.027323058446757253,147792.4747334349
A_no_lookahead,2025-11-03,sh.603929,亚翔集成,E49建筑安装业,2.2013436498044103,44.58,47.9,0.07297285778375945,158577.3139736677
A_no_lookahead,2025-11-04,sh.603929,亚翔集成,E49建筑安装业,2.0637136236027667,47.9,49.63,0.03461691022964525,164066.77061595244
A_no_lookahead,2025-11-06,sh.603105,芯能科技,D44电力、热力生产和供应业,3.1990826901437575,10.8,10.6,-0.020018518518518602,160782.39693010345
A_no_lookahead,2025-11-07,sh.603406,天富龙,C28化学纤维制造业,1.9434936691377518,47.88,46.33,-0.03387259816207194,155336.2794073553
A_no_lookahead,2025-11-10,sh.603505,金石资源,B10非金属矿采选业,1.9467442583634522,20.2,19.83,-0.019816831683168334,152258.00650405014
A_no_lookahead,2025-11-13,sh.601020,华钰矿业,B09有色金属矿采选业,2.1732896347075266,35.0,32.76,-0.06550000000000006,147271.5567910425
A_no_lookahead,2025-11-13,sz.001277,速达股份,C43金属制品、机械和设备修理业,4.521792254901776,46.46,45.01,-0.032709642703400876,144781.4042953027
A_no_lookahead,2025-11-19,sh.600097,开创国际,A04渔业,4.350360919671474,13.7,15.72,0.14594525547445275,151824.79064124534
A_no_lookahead,2025-11-19,sz.002086,东方海洋,A04渔业,2.1559707047383565,2.81,3.28,0.16575978647686834,159824.43552851552
A_no_lookahead,2025-11-19,sz.002069,獐子岛,A04渔业,2.840145680297134,4.27,4.68,0.09451873536299776,164385.95394120584
A_no_lookahead,2025-11-20,sz.002069,獐子岛,A04渔业,2.593893567787028,4.68,4.19,-0.10620085470085455,146928.02513183447
A_no_lookahead,2025-11-25,sh.603216,梦天家居,C20木材加工和木、竹、藤、棕、草制品业,2.4901623161543656,23.63,24.0,0.014158061785865485,149008.24118972616
A_no_lookahead,2025-11-26,sh.688102,斯瑞新材,C32有色金属冶炼和压延加工业,1.94823182989158,25.44,24.5,-0.038449685534591216,146143.5811818224
A_no_lookahead,2025-11-26,sz.002240,盛新锂能,C32有色金属冶炼和压延加工业,1.6135941599057035,34.83,33.01,-0.05375380419178871,142138.70127188473
A_no_lookahead,2025-12-01,sz.000975,山金国际,B09有色金属矿采选业,1.5573076593649537,21.99,22.3,0.01259731696225558,143033.98440814737
A_no_lookahead,2025-12-01,sh.605086,龙高股份,B10非金属矿采选业,2.3939662502404366,35.0,36.5,0.041357142857142926,145973.20969516243
A_no_lookahead,2025-12-03,sh.605108,同庆楼,H62餐饮业,6.252450794770276,22.42,24.5,0.09127430865298841,159296.8134919461
A_no_lookahead,2025-12-04,sz.300695,兆丰股份,C36汽车制造业,1.7829658996463174,93.9,91.35,-0.02865654952076685,154731.91646761377
A_no_lookahead,2025-12-05,sz.301265,华新科技,C42废弃资源综合利用业,1.5775674651635059,13.25,13.48,0.015858490566037775,157185.73110518037
A_no_lookahead,2025-12-08,sh.601377,兴业证券,J67资本市场服务,4.447495503048532,7.48,7.57,0.010532085561497264,157737.56229486247
A_no_lookahead,2025-12-08,sh.600095,湘财股份,J67资本市场服务,3.3911324147853814,11.99,11.52,-0.04069933277731447,155605.11083549738
A_no_lookahead,2025-12-08,sh.601688,华泰证券,J67资本市场服务,1.8741145567561313,22.34,22.61,0.010585944494180767,156159.76397708294
A_no_lookahead,2025-12-10,sh.600280,中央商场,F52零售业,2.473085484586573,4.29,4.36,0.01481701631701632,156931.03790071956
A_no_lookahead,2025-12-10,sz.000603,盛达资源,B09有色金属矿采选业,1.7472807521559448,30.03,30.7,0.02081102231102233,158014.31934478992
A_no_lookahead,2025-12-10,sh.601086,国芳集团,F52零售业,2.2677307145022865,10.88,10.79,-0.009772058823529549,157505.65187830574
A_no_lookahead,2025-12-12,sz.002192,融捷股份,B09有色金属矿采选业,1.6587453616762644,51.2,48.38,-0.05657812499999998,154535.19372491332
A_no_lookahead,2025-12-12,sz.000975,山金国际,B09有色金属矿采选业,2.512335281427731,24.2,24.17,-0.002739669421487455,154391.35591885916
A_no_lookahead,2025-12-12,sh.600961,株冶集团,C32有色金属冶炼和压延加工业,1.9961067865835582,15.65,15.48,-0.012362619808306717,153742.29508824885
A_no_lookahead,2025-12-15,sz.000799,酒鬼酒,C15酒、饮料和精制茶制造业,1.992138701425206,58.02,56.29,-0.031317304377800836,152137.36367124206
A_no_lookahead,2025-12-15,sh.601133,柏诚股份,E49建筑安装业,2.037884155217559,15.55,14.66,-0.05873472668810292,149127.35977710542
A_no_lookahead,2025-12-15,sh.600702,舍得酒业,C15酒、饮料和精制茶制造业,1.5211673906618415,60.0,57.73,-0.03933333333333339,147111.62746372615
A_no_lookahead,2025-12-16,sz.000721,西安饮食,H62餐饮业,1.8099146102464188,9.96,9.85,-0.012544176706827446,145266.2332131922
A_no_lookahead,2025-12-19,sz.002103,广博股份,C24文教、工美、体育和娱乐用品制造业,2.857509928685349,10.35,10.08,-0.027586956521739092,141258.77995346306
A_no_lookahead,2025-12-22,sh.603505,金石资源,B10非金属矿采选业,1.5390523482696878,18.8,18.33,-0.026500000000000135,137515.42228469628
A_no_lookahead,2025-12-23,sz.300189,神农种业,A05农、林、牧、渔专业及辅助性活动,1.8379604681674495,7.61,7.75,0.016896846254927766,138677.21075870926
A_no_lookahead,2025-12-23,sh.600547,山东黄金,B09有色金属矿采选业,1.5899863652981228,38.93,41.51,0.06477279732853841,143130.8400473068
A_no_lookahead,2025-12-24,sz.000032,深桑达A,E49建筑安装业,2.3409990611942857,20.37,20.64,0.011754786450662693,143972.0762769368
A_no_lookahead,2025-12-24,sh.600711,盛屯矿业,B09有色金属矿采选业,1.6153014263747631,15.02,14.2,-0.05609387483355527,139957.69456371918
A_no_lookahead,2025-12-25,sz.002163,海南发展,E50建筑装饰、装修和其他建筑业,1.53866126991357,20.15,20.81,0.031254342431761784,142144.83741964638
A_no_lookahead,2025-12-25,sh.603098,森特股份,E50建筑装饰、装修和其他建筑业,3.0633947407853146,13.93,14.15,0.014293251974156597,143145.06271670703
A_no_lookahead,2025-12-29,sz.300777,中简科技,C28化学纤维制造业,2.2062476773171595,37.95,39.8,0.047248353096178974,146526.74695031386
A_no_lookahead,2025-12-29,sh.688295,中复神鹰,C28化学纤维制造业,3.539026926374977,32.0,34.11,0.06443749999999998,151138.70193971778
